<?xml version="1.0" encoding="utf-8" ?>
<odoo>
    <data noupdate="1">
        <!-- Nota de débito sequences-->
        <record id="sequence_order_payment" model="ir.sequence">
            <field name="name">Nota de debito sequence</field>
            <field name="code">nota_debito.sequence</field>
            <field name="prefix">NDCL</field>
            <field name="number_next" eval="1" />
            <field name="number_increment" eval="1" />
            <field name="use_date_range" eval="False" />
            <field name="implementation">standard</field>
            <field name="company_id" eval="1" />
            <field name="padding">4</field>
        </record>
    </data>
</odoo>
